2020-4-3T11:07Z,20,Kenosha;WI,219.92,2.02,DoorDashKenosha;WI219.922020-4-3T11:07Z2020-4-3T21:01Z20,2020-4-3T21:01Z,22.21
2020-6-17T16:41Z,6,Kenosha;WI,74.00,1.61,DoorDashKenosha;WI74.002020-6-17T16:41Z2020-6-17T20:25Z6,2020-6-17T20:25Z,19.82
2020-3-10T11:09Z,9,Kenosha;WI,73.00,2.34,DoorDashKenosha;WI73.002020-3-10T11:09Z2020-3-10T15:00Z9,2020-3-10T15:00Z,18.96
2020-4-2T11:01Z,13,Kenosha;WI,100.00,2.82,DoorDashKenosha;WI100.002020-4-2T11:01Z2020-4-2T15:38Z13,2020-4-2T15:38Z,21.66
2020-6-29T14:08Z,3,Kenosha;WI,22.66,1.65,DoorDashKenosha;WI22.662020-6-29T14:08Z2020-6-29T15:57Z3,2020-6-29T15:57Z,12.47
2020-4-29T17:29Z,3,Kenosha;WI,32.50,2.31,DoorDashKenosha;WI32.502020-4-29T17:29Z2020-4-29T18:47Z3,2020-4-29T18:47Z,25.00
2020-7-14T16:30Z,8,Kenosha;WI,67.14,1.98,DoorDashKenosha;WI67.142020-7-14T16:30Z2020-7-14T20:33Z8,2020-7-14T20:33Z,16.58
2020-3-12T11:10Z,7,Kenosha;WI,56.25,1.77,DoorDashKenosha;WI56.252020-3-12T11:10Z2020-3-12T15:07Z7,2020-3-12T15:07Z,14.24
2020-7-1T16:34Z,6,Kenosha;WI,53.00,2.13,DoorDashKenosha;WI53.002020-7-1T16:34Z2020-7-1T19:23Z6,2020-7-1T19:23Z,18.82
2020-4-11T16:27Z,6,Kenosha;WI,89.23,1.23,DoorDashKenosha;WI89.232020-4-11T16:27Z2020-4-11T21:19Z6,2020-4-11T21:19Z,18.33
2020-3-11T16:32Z,6,Kenosha;WI,53.65,1.49,DoorDashKenosha;WI53.652020-3-11T16:32Z2020-3-11T20:34Z6,2020-3-11T20:34Z,13.30
2020-5-18T17:12Z,7,Kenosha;WI,54.21,2.33,DoorDashKenosha;WI54.212020-5-18T17:12Z2020-5-18T20:12Z7,2020-5-18T20:12Z,18.07
2020-8-19T16:37Z,8,Kenosha;WI,76.06,2.03,DoorDashKenosha;WI76.062020-8-19T16:37Z2020-8-19T20:33Z8,2020-8-19T20:33Z,19.34
2020-4-1T11:05Z,24,Kenosha;WI,189.93,2.48,DoorDashKenosha;WI189.932020-4-1T11:05Z2020-4-1T20:45Z24,2020-4-1T20:45Z,19.65
2020-4-15T11:09Z,25,Kenosha;WI,217.76,2.73,DoorDashKenosha;WI217.762020-4-15T11:09Z2020-4-15T20:18Z25,2020-4-15T20:18Z,23.80
2020-7-27T16:40Z,7,Kenosha;WI,63.48,1.79,DoorDashKenosha;WI63.482020-7-27T16:40Z2020-7-27T20:35Z7,2020-7-27T20:35Z,16.21
2020-5-13T11:35Z,6,Kenosha;WI,48.00,2.07,DoorDashKenosha;WI48.002020-5-13T11:35Z2020-5-13T14:29Z6,2020-5-13T14:29Z,16.55
2020-3-31T17:28Z,7,Kenosha;WI,72.11,2.35,DoorDashKenosha;WI72.112020-3-31T17:28Z2020-3-31T20:27Z7,2020-3-31T20:27Z,24.17
2020-4-13T11:00Z,14,Kenosha;WI,99.00,2.75,DoorDashKenosha;WI99.002020-4-13T11:00Z2020-4-13T16:06Z14,2020-4-13T16:06Z,19.41
2020-3-17T17:06Z,7,Kenosha;WI,58.00,2.20,DoorDashKenosha;WI58.002020-3-17T17:06Z2020-3-17T20:17Z7,2020-3-17T20:17Z,18.22
2020-3-31T11:03Z,10,Kenosha;WI,72.00,2.30,DoorDashKenosha;WI72.002020-3-31T11:03Z2020-3-31T15:24Z10,2020-3-31T15:24Z,16.55
2020-3-21T14:52Z,13,Kenosha;WI,108.60,2.13,DoorDashKenosha;WI108.602020-3-21T14:52Z2020-3-21T20:58Z13,2020-3-21T20:58Z,17.80
2020-3-14T16:15Z,11,Kenosha;WI,94.27,2.11,DoorDashKenosha;WI94.272020-3-14T16:15Z2020-3-14T21:28Z11,2020-3-14T21:28Z,18.07
2020-4-28T11:11Z,3,Kenosha;WI,26.50,1.98,DoorDashKenosha;WI26.502020-4-28T11:11Z2020-4-28T12:42Z3,2020-4-28T12:42Z,17.47
2020-5-12T11:32Z,10,Kenosha;WI,72.75,2.07,DoorDashKenosha;WI72.752020-5-12T11:32Z2020-5-12T16:22Z10,2020-5-12T16:22Z,15.05
2020-4-17T19:36Z,8,Kenosha;WI,67.50,4.03,DoorDashKenosha;WI67.502020-4-17T19:36Z2020-4-17T21:35Z8,2020-4-17T21:35Z,34.03
2020-3-30T17:19Z,9,Kenosha;WI,78.18,2.92,DoorDashKenosha;WI78.182020-3-30T17:19Z2020-3-30T20:24Z9,2020-3-30T20:24Z,25.36
2020-5-1T11:34Z,9,Kenosha;WI,75.93,2.08,DoorDashKenosha;WI75.932020-5-1T11:34Z2020-5-1T15:54Z9,2020-5-1T15:54Z,17.52
2020-8-25T17:08Z,4,Kenosha;WI,30.13,0.91,DoorDashKenosha;WI30.132020-8-25T17:08Z2020-8-25T21:33Z4,2020-8-25T21:33Z,6.82
2020-3-29T20:46Z,1,Kenosha;WI,8.00,1.58,DoorDashKenosha;WI8.002020-3-29T20:46Z2020-3-29T21:24Z1,2020-3-29T21:24Z,12.63
2020-7-5T15:02Z,13,Kenosha;WI,144.81,2.60,DoorDashKenosha;WI144.812020-7-5T15:02Z2020-7-5T20:38Z13,2020-7-5T20:38Z,28.96
2020-7-28T17:05Z,7,Kenosha;WI,59.28,2.61,DoorDashKenosha;WI59.282020-7-28T17:05Z2020-7-28T19:46Z7,2020-7-28T19:46Z,22.09
2020-4-23T11:05Z,11,Kenosha;WI,86.19,2.95,DoorDashKenosha;WI86.192020-4-23T11:05Z2020-4-23T14:49Z11,2020-4-23T14:49Z,23.09
2020-7-3T13:25Z,2,Kenosha;WI,21.00,1.50,DoorDashKenosha;WI21.002020-7-3T13:25Z2020-7-3T14:45Z2,2020-7-3T14:45Z,15.75
2020-5-20T17:03Z,10,Kenosha;WI,84.40,2.73,DoorDashKenosha;WI84.402020-5-20T17:03Z2020-5-20T20:43Z10,2020-5-20T20:43Z,23.02
2020-6-18T18:34Z,4,Kenosha;WI,41.00,2.16,DoorDashKenosha;WI41.002020-6-18T18:34Z2020-6-18T20:25Z4,2020-6-18T20:25Z,22.16
2020-4-6T10:56Z,7,Kenosha;WI,50.00,2.90,DoorDashKenosha;WI50.002020-4-6T10:56Z2020-4-6T13:21Z7,2020-4-6T13:21Z,20.69
2020-5-2T15:03Z,18,Kenosha;WI,167.12,3.00,DoorDashKenosha;WI167.122020-5-2T15:03Z2020-5-2T21:31Z18,2020-5-2T21:31Z,27.85
2020-4-5T15:04Z,11,Kenosha;WI,107.11,2.18,DoorDashKenosha;WI107.112020-4-5T15:04Z2020-4-5T20:07Z11,2020-4-5T20:07Z,21.21
2020-5-20T12:48Z,1,Kenosha;WI,8.31,0.98,DoorDashKenosha;WI8.312020-5-20T12:48Z2020-5-20T13:49Z1,2020-5-20T13:49Z,8.17
2020-8-16T16:55Z,7,Kenosha;WI,62.71,2.08,DoorDashKenosha;WI62.712020-8-16T16:55Z2020-8-16T20:17Z7,2020-8-16T20:17Z,18.63
2020-4-25T21:35Z,1,Kenosha;WI,8.00,3.00,DoorDashKenosha;WI8.002020-4-25T21:35Z2020-4-25T21:55Z1,2020-4-25T21:55Z,24.00
2020-3-20T16:56Z,11,Kenosha;WI,96.70,2.60,DoorDashKenosha;WI96.702020-3-20T16:56Z2020-3-20T21:10Z11,2020-3-20T21:10Z,22.84
2020-3-25T17:30Z,4,Kenosha;WI,40.00,2.29,DoorDashKenosha;WI40.002020-3-25T17:30Z2020-3-25T19:15Z4,2020-3-25T19:15Z,22.86
2020-5-5T17:38Z,7,Kenosha;WI,57.25,2.20,DoorDashKenosha;WI57.252020-5-5T17:38Z2020-5-5T20:49Z7,2020-5-5T20:49Z,17.98
2020-4-10T16:03Z,10,Kenosha;WI,113.03,1.92,DoorDashKenosha;WI113.032020-4-10T16:03Z2020-4-10T21:15Z10,2020-4-10T21:15Z,21.74
2020-8-2T17:59Z,5,Kenosha;WI,49.22,2.33,DoorDashKenosha;WI49.222020-8-2T17:59Z2020-8-2T20:08Z5,2020-8-2T20:08Z,22.89
2020-8-13T16:37Z,6,Kenosha;WI,52.00,1.75,DoorDashKenosha;WI52.002020-8-13T16:37Z2020-8-13T20:03Z6,2020-8-13T20:03Z,15.15
2020-3-20T11:00Z,1,Kenosha;WI,7.00,0.25,DoorDashKenosha;WI7.002020-3-20T11:00Z2020-3-20T15:04Z1,2020-3-20T15:04Z,1.72
2020-3-16T17:38Z,5,Kenosha;WI,35.00,1.92,DoorDashKenosha;WI35.002020-3-16T17:38Z2020-3-16T20:14Z5,2020-3-16T20:14Z,13.46
2020-5-8T11:33Z,7,Kenosha;WI,57.00,1.86,DoorDashKenosha;WI57.002020-5-8T11:33Z2020-5-8T15:19Z7,2020-5-8T15:19Z,15.13
2020-3-10T17:07Z,8,Kenosha;WI,55.42,2.23,DoorDashKenosha;WI55.422020-3-10T17:07Z2020-3-10T20:42Z8,2020-3-10T20:42Z,15.47
2020-4-21T17:02Z,7,Kenosha;WI,62.50,2.18,DoorDashKenosha;WI62.502020-4-21T17:02Z2020-4-21T20:15Z7,2020-4-21T20:15Z,19.43
2020-7-2T11:36Z,2,Kenosha;WI,20.00,1.79,DoorDashKenosha;WI20.002020-7-2T11:36Z2020-7-2T12:43Z2,2020-7-2T12:43Z,17.91
2020-3-27T17:15Z,13,Kenosha;WI,129.28,3.05,DoorDashKenosha;WI129.282020-3-27T17:15Z2020-3-27T21:31Z13,2020-3-27T21:31Z,30.30
2020-7-7T16:38Z,7,Kenosha;WI,56.91,1.88,DoorDashKenosha;WI56.912020-7-7T16:38Z2020-7-7T20:21Z7,2020-7-7T20:21Z,15.31
2020-5-17T15:04Z,13,Kenosha;WI,137.55,2.44,DoorDashKenosha;WI137.552020-5-17T15:04Z2020-5-17T20:24Z13,2020-5-17T20:24Z,25.79
2020-4-23T17:39Z,4,Kenosha;WI,36.70,1.48,DoorDashKenosha;WI36.702020-4-23T17:39Z2020-4-23T20:21Z4,2020-4-23T20:21Z,13.59
2020-5-12T17:22Z,9,Kenosha;WI,63.85,2.74,DoorDashKenosha;WI63.852020-5-12T17:22Z2020-5-12T20:39Z9,2020-5-12T20:39Z,19.45
2020-4-24T11:08Z,6,Kenosha;WI,57.48,1.94,DoorDashKenosha;WI57.482020-4-24T11:08Z2020-4-24T14:14Z6,2020-4-24T14:14Z,18.54
2020-4-14T11:03Z,24,Kenosha;WI,230.13,2.59,DoorDashKenosha;WI230.132020-4-14T11:03Z2020-4-14T20:18Z24,2020-4-14T20:18Z,24.88
2020-4-16T11:05Z,12,Kenosha;WI,91.54,2.85,DoorDashKenosha;WI91.542020-4-16T11:05Z2020-4-16T15:18Z12,2020-4-16T15:18Z,21.71
2020-5-16T15:42Z,14,Kenosha;WI,132.39,2.39,DoorDashKenosha;WI132.392020-5-16T15:42Z2020-5-16T21:33Z14,2020-5-16T21:33Z,22.63
2020-3-30T11:07Z,15,Kenosha;WI,135.11,2.78,DoorDashKenosha;WI135.112020-3-30T11:07Z2020-3-30T16:31Z15,2020-3-30T16:31Z,25.02
2020-7-3T11:41Z,4,Kenosha;WI,23.00,2.31,DoorDashKenosha;WI23.002020-7-3T11:41Z2020-7-3T13:25Z4,2020-7-3T13:25Z,13.27
2020-6-15T17:03Z,6,Kenosha;WI,55.00,1.83,DoorDashKenosha;WI55.002020-6-15T17:03Z2020-6-15T20:20Z6,2020-6-15T20:20Z,16.75
2020-7-3T16:37Z,6,Kenosha;WI,67.59,2.08,DoorDashKenosha;WI67.592020-7-3T16:37Z2020-7-3T19:30Z6,2020-7-3T19:30Z,23.44
2020-3-26T17:31Z,7,Kenosha;WI,55.34,2.06,DoorDashKenosha;WI55.342020-3-26T17:31Z2020-3-26T20:55Z7,2020-3-26T20:55Z,16.28
2020-4-29T11:02Z,7,Kenosha;WI,59.00,2.02,DoorDashKenosha;WI59.002020-4-29T11:02Z2020-4-29T14:30Z7,2020-4-29T14:30Z,17.02
2020-4-12T15:13Z,5,Kenosha;WI,41.46,2.00,DoorDashKenosha;WI41.462020-4-12T15:13Z2020-4-12T17:43Z5,2020-4-12T17:43Z,16.58
2020-3-19T11:05Z,7,Kenosha;WI,49.24,1.95,DoorDashKenosha;WI49.242020-3-19T11:05Z2020-3-19T14:40Z7,2020-3-19T14:40Z,13.74
2020-3-29T15:02Z,14,Kenosha;WI,131.22,2.50,DoorDashKenosha;WI131.222020-3-29T15:02Z2020-3-29T20:38Z14,2020-3-29T20:38Z,23.43
2020-7-2T18:34Z,1,Kenosha;WI,9.00,1.11,DoorDashKenosha;WI9.002020-7-2T18:34Z2020-7-2T19:28Z1,2020-7-2T19:28Z,10.00
2020-5-14T17:30Z,7,Kenosha;WI,62.10,2.21,DoorDashKenosha;WI62.102020-5-14T17:30Z2020-5-14T20:40Z7,2020-5-14T20:40Z,19.61
2020-5-19T16:30Z,9,Kenosha;WI,91.00,2.15,DoorDashKenosha;WI91.002020-5-19T16:30Z2020-5-19T20:41Z9,2020-5-19T20:41Z,21.75
2020-6-21T16:35Z,11,Kenosha;WI,88.88,2.87,DoorDashKenosha;WI88.882020-6-21T16:35Z2020-6-21T20:25Z11,2020-6-21T20:25Z,23.19
2020-4-24T16:31Z,13,Kenosha;WI,110.83,2.49,DoorDashKenosha;WI110.832020-4-24T16:31Z2020-4-24T21:44Z13,2020-4-24T21:44Z,21.25
2020-7-8T16:35Z,7,Kenosha;WI,54.90,2.20,DoorDashKenosha;WI54.902020-7-8T16:35Z2020-7-8T19:46Z7,2020-7-8T19:46Z,17.25
2020-8-21T16:34Z,8,Kenosha;WI,73.00,2.00,DoorDashKenosha;WI73.002020-8-21T16:34Z2020-8-21T20:50Z8,2020-8-21T20:50Z,18.25
2020-7-31T17:09Z,6,Kenosha;WI,50.00,1.97,DoorDashKenosha;WI50.002020-7-31T17:09Z2020-7-31T20:12Z6,2020-7-31T20:12Z,16.39
2020-3-24T16:54Z,7,Kenosha;WI,62.65,1.95,DoorDashKenosha;WI62.652020-3-24T16:54Z2020-3-24T20:29Z7,2020-3-24T20:29Z,17.48
2020-3-15T15:16Z,8,Kenosha;WI,49.18,1.49,DoorDashKenosha;WI49.182020-3-15T15:16Z2020-3-15T20:39Z8,2020-3-15T20:39Z,9.14
2020-5-8T15:19Z,2,Kenosha;WI,20.00,1.62,DoorDashKenosha;WI20.002020-5-8T15:19Z2020-5-8T16:33Z2,2020-5-8T16:33Z,16.22
2020-3-16T11:32Z,10,Kenosha;WI,64.81,1.95,DoorDashKenosha;WI64.812020-3-16T11:32Z2020-3-16T16:40Z10,2020-3-16T16:40Z,12.63
2020-5-7T17:27Z,7,Kenosha;WI,67.75,2.35,DoorDashKenosha;WI67.752020-5-7T17:27Z2020-5-7T20:26Z7,2020-5-7T20:26Z,22.71
2020-7-23T16:35Z,6,Kenosha;WI,62.00,1.57,DoorDashKenosha;WI62.002020-7-23T16:35Z2020-7-23T20:25Z6,2020-7-23T20:25Z,16.17
2020-7-9T16:41Z,4,Kenosha;WI,34.00,1.85,DoorDashKenosha;WI34.002020-7-9T16:41Z2020-7-9T18:51Z4,2020-7-9T18:51Z,15.69
2020-4-16T17:02Z,9,Kenosha;WI,81.40,2.39,DoorDashKenosha;WI81.402020-4-16T17:02Z2020-4-16T20:48Z9,2020-4-16T20:48Z,21.61
2020-8-12T16:39Z,6,Kenosha;WI,55.00,1.71,DoorDashKenosha;WI55.002020-8-12T16:39Z2020-8-12T20:10Z6,2020-8-12T20:10Z,15.64
2020-6-16T17:00Z,7,Kenosha;WI,58.00,2.09,DoorDashKenosha;WI58.002020-6-16T17:00Z2020-6-16T20:21Z7,2020-6-16T20:21Z,17.31
2020-3-11T11:19Z,9,Kenosha;WI,74.25,2.28,DoorDashKenosha;WI74.252020-3-11T11:19Z2020-3-11T15:16Z9,2020-3-11T15:16Z,18.80
2020-8-31T16:30Z,6,Kenosha;WI,56.00,1.66,DoorDashKenosha;WI56.002020-8-31T16:30Z2020-8-31T20:07Z6,2020-8-31T20:07Z,15.48
2020-3-9T11:08Z,11,Kenosha;WI,79.00,2.30,DoorDashKenosha;WI79.002020-3-9T11:08Z2020-3-9T15:55Z11,2020-3-9T15:55Z,16.52
2020-6-29T18:16Z,5,Kenosha;WI,50.99,2.10,DoorDashKenosha;WI50.992020-6-29T18:16Z2020-6-29T20:39Z5,2020-6-29T20:39Z,21.39
2020-3-24T10:56Z,8,Kenosha;WI,62.48,1.94,DoorDashKenosha;WI62.482020-3-24T10:56Z2020-3-24T15:03Z8,2020-3-24T15:03Z,15.18
2020-5-18T14:24Z,3,Kenosha;WI,31.97,2.05,DoorDashKenosha;WI31.972020-5-18T14:24Z2020-5-18T15:52Z3,2020-5-18T15:52Z,21.80
2020-3-28T15:01Z,12,Kenosha;WI,126.54,2.14,DoorDashKenosha;WI126.542020-3-28T15:01Z2020-3-28T20:38Z12,2020-3-28T20:38Z,22.53
2020-8-23T15:12Z,2,Kenosha;WI,11.00,1.24,DoorDashKenosha;WI11.002020-8-23T15:12Z2020-8-23T16:49Z2,2020-8-23T16:49Z,6.80
2020-4-10T10:58Z,10,Kenosha;WI,88.35,2.52,DoorDashKenosha;WI88.352020-4-10T10:58Z2020-4-10T14:56Z10,2020-4-10T14:56Z,22.27
2020-5-9T18:16Z,8,Kenosha;WI,69.70,2.13,DoorDashKenosha;WI69.702020-5-9T18:16Z2020-5-9T22:01Z8,2020-5-9T22:01Z,18.59
2020-5-13T16:04Z,10,Kenosha;WI,87.82,2.26,DoorDashKenosha;WI87.822020-5-13T16:04Z2020-5-13T20:29Z10,2020-5-13T20:29Z,19.88
2020-5-6T11:39Z,8,Kenosha;WI,65.24,2.07,DoorDashKenosha;WI65.242020-5-6T11:39Z2020-5-6T15:31Z8,2020-5-6T15:31Z,16.87
2020-3-23T17:35Z,6,Kenosha;WI,54.50,2.65,DoorDashKenosha;WI54.502020-3-23T17:35Z2020-3-23T19:51Z6,2020-3-23T19:51Z,24.04
2020-5-3T16:13Z,9,Kenosha;WI,83.81,3.03,DoorDashKenosha;WI83.812020-5-3T16:13Z2020-5-3T19:11Z9,2020-5-3T19:11Z,28.25
2020-7-13T17:07Z,9,Kenosha;WI,73.94,2.21,DoorDashKenosha;WI73.942020-7-13T17:07Z2020-7-13T21:11Z9,2020-7-13T21:11Z,18.18
2020-3-13T11:08Z,16,Kenosha;WI,149.25,1.83,DoorDashKenosha;WI149.252020-3-13T11:08Z2020-3-13T19:53Z16,2020-3-13T19:53Z,17.06
2020-5-21T17:05Z,8,Kenosha;WI,75.94,2.34,DoorDashKenosha;WI75.942020-5-21T17:05Z2020-5-21T20:30Z8,2020-5-21T20:30Z,22.23
2020-5-4T16:11Z,6,Kenosha;WI,42.29,2.48,DoorDashKenosha;WI42.292020-5-4T16:11Z2020-5-4T18:36Z6,2020-5-4T18:36Z,17.50
2020-3-21T20:58Z,2,Kenosha;WI,14.00,3.16,DoorDashKenosha;WI14.002020-3-21T20:58Z2020-3-21T21:36Z2,2020-3-21T21:36Z,22.11
2020-8-11T16:59Z,6,Kenosha;WI,56.00,1.89,DoorDashKenosha;WI56.002020-8-11T16:59Z2020-8-11T20:09Z6,2020-8-11T20:09Z,17.68
2020-8-17T17:00Z,9,Kenosha;WI,85.22,2.13,DoorDashKenosha;WI85.222020-8-17T17:00Z2020-8-17T21:13Z9,2020-8-17T21:13Z,20.21
2020-4-22T17:34Z,6,Kenosha;WI,66.50,2.24,DoorDashKenosha;WI66.502020-4-22T17:34Z2020-4-22T20:15Z6,2020-4-22T20:15Z,24.78
2020-4-27T11:33Z,11,Kenosha;WI,79.00,2.40,DoorDashKenosha;WI79.002020-4-27T11:33Z2020-4-27T16:08Z11,2020-4-27T16:08Z,17.24
2020-4-29T15:51Z,4,Kenosha;WI,38.50,2.58,DoorDashKenosha;WI38.502020-4-29T15:51Z2020-4-29T17:24Z4,2020-4-29T17:24Z,24.84
2020-4-22T11:05Z,6,Kenosha;WI,57.25,1.62,DoorDashKenosha;WI57.252020-4-22T11:05Z2020-4-22T14:47Z6,2020-4-22T14:47Z,15.47
2020-3-17T11:09Z,8,Kenosha;WI,69.18,1.81,DoorDashKenosha;WI69.182020-3-17T11:09Z2020-3-17T15:34Z8,2020-3-17T15:34Z,15.66
2020-5-15T15:38Z,14,Kenosha;WI,124.50,2.38,DoorDashKenosha;WI124.502020-5-15T15:38Z2020-5-15T21:31Z14,2020-5-15T21:31Z,21.16
2020-8-6T16:41Z,8,Kenosha;WI,66.96,2.01,DoorDashKenosha;WI66.962020-8-6T16:41Z2020-8-6T20:40Z8,2020-8-6T20:40Z,16.81
2020-6-19T16:03Z,13,Kenosha;WI,104.84,2.42,DoorDashKenosha;WI104.842020-6-19T16:03Z2020-6-19T21:25Z13,2020-6-19T21:25Z,19.54
2020-8-14T16:36Z,7,Kenosha;WI,76.00,1.75,DoorDashKenosha;WI76.002020-8-14T16:36Z2020-8-14T20:36Z7,2020-8-14T20:36Z,19.00
2020-3-18T17:04Z,6,Kenosha;WI,53.00,1.79,DoorDashKenosha;WI53.002020-3-18T17:04Z2020-3-18T20:25Z6,2020-3-18T20:25Z,15.82
2020-5-5T11:34Z,11,Kenosha;WI,88.98,2.20,DoorDashKenosha;WI88.982020-5-5T11:34Z2020-5-5T16:34Z11,2020-5-5T16:34Z,17.80
2020-3-18T11:36Z,9,Kenosha;WI,77.54,2.26,DoorDashKenosha;WI77.542020-3-18T11:36Z2020-3-18T15:35Z9,2020-3-18T15:35Z,19.47
2020-5-6T17:21Z,7,Kenosha;WI,82.25,2.26,DoorDashKenosha;WI82.252020-5-6T17:21Z2020-5-6T20:27Z7,2020-5-6T20:27Z,26.53
2020-4-19T16:08Z,11,Kenosha;WI,99.00,2.52,DoorDashKenosha;WI99.002020-4-19T16:08Z2020-4-19T20:30Z11,2020-4-19T20:30Z,22.67
2020-5-11T17:10Z,7,Kenosha;WI,51.00,2.41,DoorDashKenosha;WI51.002020-5-11T17:10Z2020-5-11T20:04Z7,2020-5-11T20:04Z,17.59
2020-7-6T16:36Z,9,Kenosha;WI,84.25,2.20,DoorDashKenosha;WI84.252020-7-6T16:36Z2020-7-6T20:42Z9,2020-7-6T20:42Z,20.55
2020-8-4T16:37Z,4,Kenosha;WI,35.00,1.55,DoorDashKenosha;WI35.002020-8-4T16:37Z2020-8-4T19:12Z4,2020-8-4T19:12Z,13.55
2020-4-29T18:48Z,2,Kenosha;WI,25.72,1.43,DoorDashKenosha;WI25.722020-4-29T18:48Z2020-4-29T20:12Z2,2020-4-29T20:12Z,18.37
2020-5-4T18:38Z,3,Kenosha;WI,19.00,3.60,DoorDashKenosha;WI19.002020-5-4T18:38Z2020-5-4T19:28Z3,2020-5-4T19:28Z,22.80
2020-3-26T11:03Z,6,Kenosha;WI,44.00,1.09,DoorDashKenosha;WI44.002020-3-26T11:03Z2020-3-26T16:34Z6,2020-3-26T16:34Z,7.98
2020-7-22T16:36Z,9,Kenosha;WI,79.14,2.11,DoorDashKenosha;WI79.142020-7-22T16:36Z2020-7-22T20:52Z9,2020-7-22T20:52Z,18.55
2020-4-28T12:44Z,6,Kenosha;WI,44.00,2.34,DoorDashKenosha;WI44.002020-4-28T12:44Z2020-4-28T15:18Z6,2020-4-28T15:18Z,17.14
2020-6-20T17:05Z,13,Kenosha;WI,106.54,2.59,DoorDashKenosha;WI106.542020-6-20T17:05Z2020-6-20T22:06Z13,2020-6-20T22:06Z,21.24
2020-8-24T16:46Z,7,Kenosha;WI,74.91,1.71,DoorDashKenosha;WI74.912020-8-24T16:46Z2020-8-24T20:51Z7,2020-8-24T20:51Z,18.35
2020-5-1T17:39Z,11,Kenosha;WI,100.93,2.57,DoorDashKenosha;WI100.932020-5-1T17:39Z2020-5-1T21:56Z11,2020-5-1T21:56Z,23.56
2020-8-20T16:42Z,8,Kenosha;WI,60.00,2.40,DoorDashKenosha;WI60.002020-8-20T16:42Z2020-8-20T20:02Z8,2020-8-20T20:02Z,18.00
2020-3-19T17:33Z,1,Kenosha;WI,11.00,0.49,DoorDashKenosha;WI11.002020-3-19T17:33Z2020-3-19T19:35Z1,2020-3-19T19:35Z,5.41
2020-3-31T15:56Z,3,Kenosha;WI,23.00,1.96,DoorDashKenosha;WI23.002020-3-31T15:56Z2020-3-31T17:28Z3,2020-3-31T17:28Z,15.00
2020-4-29T14:30Z,2,Kenosha;WI,18.00,1.50,DoorDashKenosha;WI18.002020-4-29T14:30Z2020-4-29T15:50Z2,2020-4-29T15:50Z,13.50
2020-4-17T11:05Z,19,Kenosha;WI,162.83,2.23,DoorDashKenosha;WI162.832020-4-17T11:05Z2020-4-17T19:36Z19,2020-4-17T19:36Z,19.12
2020-3-23T19:52Z,2,Kenosha;WI,18.00,3.43,DoorDashKenosha;WI18.002020-3-23T19:52Z2020-3-23T20:27Z2,2020-3-23T20:27Z,30.86
2020-5-8T16:33Z,3,Kenosha;WI,35.00,2.65,DoorDashKenosha;WI35.002020-5-8T16:33Z2020-5-8T17:41Z3,2020-5-8T17:41Z,30.88
2020-8-28T17:16Z,5,Kenosha;WI,35.56,1.71,DoorDashKenosha;WI35.562020-8-28T17:16Z2020-8-28T20:11Z5,2020-8-28T20:11Z,12.19
2020-4-4T15:04Z,13,Kenosha;WI,155.62,2.08,DoorDashKenosha;WI155.622020-4-4T15:04Z2020-4-4T21:19Z13,2020-4-4T21:19Z,24.90
2020-5-14T11:39Z,8,Kenosha;WI,78.00,1.94,DoorDashKenosha;WI78.002020-5-14T11:39Z2020-5-14T15:47Z8,2020-5-14T15:47Z,18.87
2020-6-30T16:36Z,10,Kenosha;WI,79.25,2.48,DoorDashKenosha;WI79.252020-6-30T16:36Z2020-6-30T20:38Z10,2020-6-30T20:38Z,19.65
2020-3-22T15:02Z,13,Kenosha;WI,113.14,2.41,DoorDashKenosha;WI113.142020-3-22T15:02Z2020-3-22T20:26Z13,2020-3-22T20:26Z,20.95
2020-3-25T11:08Z,12,Kenosha;WI,99.00,2.42,DoorDashKenosha;WI99.002020-3-25T11:08Z2020-3-25T16:06Z12,2020-3-25T16:06Z,19.93
2020-7-8T14:08Z,3,Kenosha;WI,20.00,2.31,DoorDashKenosha;WI20.002020-7-8T14:08Z2020-7-8T15:26Z3,2020-7-8T15:26Z,15.38
2020-4-27T17:26Z,7,Kenosha;WI,59.00,2.80,DoorDashKenosha;WI59.002020-4-27T17:26Z2020-4-27T19:56Z7,2020-4-27T19:56Z,23.60
2020-3-23T11:15Z,8,Kenosha;WI,61.50,1.27,DoorDashKenosha;WI61.502020-3-23T11:15Z2020-3-23T17:32Z8,2020-3-23T17:32Z,9.79
2020-7-29T17:07Z,6,Kenosha;WI,46.00,1.87,DoorDashKenosha;WI46.002020-7-29T17:07Z2020-7-29T20:20Z6,2020-7-29T20:20Z,14.30
2020-4-20T12:46Z,2,Kenosha;WI,21.14,2.11,DoorDashKenosha;WI21.142020-4-20T12:46Z2020-4-20T13:43Z2,2020-4-20T13:43Z,22.25
2020-3-8T15:26Z,8,Kenosha;WI,79.46,1.71,DoorDashKenosha;WI79.462020-3-8T15:26Z2020-3-8T20:06Z8,2020-3-8T20:06Z,17.03
2020-4-25T15:40Z,12,Kenosha;WI,100.67,2.04,DoorDashKenosha;WI100.672020-4-25T15:40Z2020-4-25T21:33Z12,2020-4-25T21:33Z,17.11
2020-3-27T11:05Z,11,Kenosha;WI,95.99,2.05,DoorDashKenosha;WI95.992020-3-27T11:05Z2020-3-27T16:27Z11,2020-3-27T16:27Z,17.89
2020-8-30T17:10Z,6,Kenosha;WI,56.07,2.65,DoorDashKenosha;WI56.072020-8-30T17:10Z2020-8-30T19:26Z6,2020-8-30T19:26Z,24.74
2020-4-2T16:57Z,7,Kenosha;WI,60.73,2.05,DoorDashKenosha;WI60.732020-4-2T16:57Z2020-4-2T20:22Z7,2020-4-2T20:22Z,17.77
2020-6-30T20:50Z,2,Hackensack;NJ,15.25,1.10,DoorDashHackensack;NJ15.252020-6-30T20:50Z2020-6-30T22:39Z2,2020-6-30T22:39Z,8.39
2020-7-20T19:07Z,8,Hackensack;NJ,60.25,2.18,DoorDashHackensack;NJ60.252020-7-20T19:07Z2020-7-20T22:47Z8,2020-7-20T22:47Z,16.43
2020-7-15T21:21Z,11,Hackensack;NJ,71.50,3.16,DoorDashHackensack;NJ71.502020-7-15T21:21Z2020-7-15T12:50Z11,2020-7-15T12:50Z,20.53
2020-7-11T21:27Z,5,Hackensack;NJ,35.07,3.70,DoorDashHackensack;NJ35.072020-7-11T21:27Z2020-7-11T22:48Z5,2020-7-11T22:48Z,25.98
2020-7-13T20:02Z,5,Hackensack;NJ,33.00,2.17,DoorDashHackensack;NJ33.002020-7-13T20:02Z2020-7-13T22:20Z5,2020-7-13T22:20Z,14.35
2020-6-22T16:07Z,5,Hackensack;NJ,29.25,1.40,DoorDashHackensack;NJ29.252020-6-22T16:07Z2020-6-22T19:41Z5,2020-6-22T19:41Z,8.20
2020-7-1T18:55Z,4,Hackensack;NJ,36.96,1.29,DoorDashHackensack;NJ36.962020-7-1T18:55Z2020-7-1T22:01Z4,2020-7-1T22:01Z,11.92
2020-7-11T15:54Z,3,Hackensack;NJ,19.00,1.45,DoorDashHackensack;NJ19.002020-7-11T15:54Z2020-7-11T17:58Z3,2020-7-11T17:58Z,9.19
2020-7-6T15:41Z,14,Hackensack;NJ,104.10,2.75,DoorDashHackensack;NJ104.102020-7-6T15:41Z2020-7-6T20:46Z14,2020-7-6T20:46Z,20.48
2020-7-10T18:33Z,10,Hackensack;NJ,115.75,2.80,DoorDashHackensack;NJ115.752020-7-10T18:33Z2020-7-10T22:07Z10,2020-7-10T22:07Z,32.45
2020-7-18T19:27Z,12,Hackensack;NJ,88.50,2.56,DoorDashHackensack;NJ88.502020-7-18T19:27Z2020-7-18T12:08Z12,2020-7-18T12:08Z,18.90
2020-8-2T18:48Z,11,Hackensack;NJ,88.00,2.69,DoorDashHackensack;NJ88.002020-8-2T18:48Z2020-8-2T22:53Z11,2020-8-2T22:53Z,21.55
2020-7-18T20:26Z,3,Hackensack;NJ,30.00,2.47,DoorDashHackensack;NJ30.002020-7-18T20:26Z2020-7-18T21:39Z3,2020-7-18T21:39Z,24.66
2020-7-3T18:43Z,3,Hackensack;NJ,56.78,2.12,DoorDashHackensack;NJ56.782020-7-3T18:43Z2020-7-3T20:08Z3,2020-7-3T20:08Z,40.08
2020-6-18T21:36Z,4,Hackensack;NJ,20.25,1.46,DoorDashHackensack;NJ20.252020-6-18T21:36Z2020-6-18T12:20Z4,2020-6-18T12:20Z,7.41
2020-6-24T18:29Z,10,Hackensack;NJ,75.95,2.01,DoorDashHackensack;NJ75.952020-6-24T18:29Z2020-6-24T23:28Z10,2020-6-24T23:28Z,15.24
2020-6-18T21:15Z,3,Hackensack;NJ,16.50,1.68,DoorDashHackensack;NJ16.502020-6-18T21:15Z2020-6-18T23:02Z3,2020-6-18T23:02Z,9.25
2020-7-28T18:52Z,3,Hackensack;NJ,23.25,3.40,DoorDashHackensack;NJ23.252020-7-28T18:52Z2020-7-28T19:45Z3,2020-7-28T19:45Z,26.32
2020-6-20T19:43Z,2,Hackensack;NJ,15.00,2.18,DoorDashHackensack;NJ15.002020-6-20T19:43Z2020-6-20T20:38Z2,2020-6-20T20:38Z,16.36
2020-7-21T18:17Z,13,Hackensack;NJ,87.75,2.40,DoorDashHackensack;NJ87.752020-7-21T18:17Z2020-7-21T23:42Z13,2020-7-21T23:42Z,16.20
2020-7-21T22:47Z,3,Hackensack;NJ,23.00,1.86,DoorDashHackensack;NJ23.002020-7-21T22:47Z2020-7-21T12:24Z3,2020-7-21T12:24Z,14.23
2020-6-23T16:58Z,1,Hackensack;NJ,5.00,1.36,DoorDashHackensack;NJ5.002020-6-23T16:58Z2020-6-23T17:42Z1,2020-6-23T17:42Z,6.82
2020-6-23T18:40Z,9,Hackensack;NJ,62.82,2.14,DoorDashHackensack;NJ62.822020-6-23T18:40Z2020-6-23T22:52Z9,2020-6-23T22:52Z,14.96
2020-8-4T15:47Z,2,Hackensack;NJ,22.50,0.94,DoorDashHackensack;NJ22.502020-8-4T15:47Z2020-8-4T17:54Z2,2020-8-4T17:54Z,10.63
2020-7-24T22:48Z,3,Hackensack;NJ,24.75,0.80,DoorDashHackensack;NJ24.752020-7-24T22:48Z2020-7-24T2:34Z3,2020-7-24T2:34Z,6.57
2020-7-2T22:40Z,2,Hackensack;NJ,9.75,2.50,DoorDashHackensack;NJ9.752020-7-2T22:40Z2020-7-2T23:28Z2,2020-7-2T23:28Z,12.19
2020-7-13T18:23Z,4,Hackensack;NJ,32.00,2.45,DoorDashHackensack;NJ32.002020-7-13T18:23Z2020-7-13T20:01Z4,2020-7-13T20:01Z,19.59
2020-7-2T16:49Z,5,Hackensack;NJ,29.00,1.71,DoorDashHackensack;NJ29.002020-7-2T16:49Z2020-7-2T19:44Z5,2020-7-2T19:44Z,9.94
2020-7-7T18:11Z,11,Hackensack;NJ,94.87,2.09,DoorDashHackensack;NJ94.872020-7-7T18:11Z2020-7-7T23:27Z11,2020-7-7T23:27Z,18.01
2020-7-2T22:18Z,5,Hackensack;NJ,33.00,2.80,DoorDashHackensack;NJ33.002020-7-2T22:18Z2020-7-2T12:05Z5,2020-7-2T12:05Z,18.50
2020-7-19T22:16Z,4,Hackensack;NJ,18.00,3.38,DoorDashHackensack;NJ18.002020-7-19T22:16Z2020-7-19T23:27Z4,2020-7-19T23:27Z,15.21
2020-7-28T19:17Z,10,Hackensack;NJ,78.25,2.10,DoorDashHackensack;NJ78.252020-7-28T19:17Z2020-7-28T12:03Z10,2020-7-28T12:03Z,16.42
2020-7-3T17:36Z,1,Hackensack;NJ,11.50,1.94,DoorDashHackensack;NJ11.502020-7-3T17:36Z2020-7-3T18:07Z1,2020-7-3T18:07Z,22.26
2020-8-5T13:08Z,6,Hackensack;NJ,35.74,1.67,DoorDashHackensack;NJ35.742020-8-5T13:08Z2020-8-5T16:44Z6,2020-8-5T16:44Z,9.93
2020-6-29T19:59Z,1,Hackensack;NJ,5.00,0.92,DoorDashHackensack;NJ5.002020-6-29T19:59Z2020-6-29T21:04Z1,2020-6-29T21:04Z,4.62
2020-7-27T21:42Z,6,Hackensack;NJ,37.68,1.81,DoorDashHackensack;NJ37.682020-7-27T21:42Z2020-7-27T1:01Z6,2020-7-27T1:01Z,11.36
2020-6-29T12:43Z,1,Hackensack;NJ,8.50,0.65,DoorDashHackensack;NJ8.502020-6-29T12:43Z2020-6-29T2:16Z1,2020-6-29T2:16Z,5.48
2020-7-26T18:03Z,1,Hackensack;NJ,12.00,2.73,DoorDashHackensack;NJ12.002020-7-26T18:03Z2020-7-26T18:25Z1,2020-7-26T18:25Z,32.73
2020-6-20T14:29Z,1,Hackensack;NJ,6.00,1.67,DoorDashHackensack;NJ6.002020-6-20T14:29Z2020-6-20T15:05Z1,2020-6-20T15:05Z,10.00
2020-7-29T21:18Z,4,Hackensack;NJ,26.75,2.03,DoorDashHackensack;NJ26.752020-7-29T21:18Z2020-7-29T23:16Z4,2020-7-29T23:16Z,13.60
2020-6-29T22:50Z,1,Hackensack;NJ,9.75,1.88,DoorDashHackensack;NJ9.752020-6-29T22:50Z2020-6-29T23:22Z1,2020-6-29T23:22Z,18.28
2020-7-16T21:33Z,3,Hackensack;NJ,25.27,2.12,DoorDashHackensack;NJ25.272020-7-16T21:33Z2020-7-16T22:58Z3,2020-7-16T22:58Z,17.84
2020-7-31T20:16Z,9,Hackensack;NJ,61.75,1.23,DoorDashHackensack;NJ61.752020-7-31T20:16Z2020-7-31T3:36Z9,2020-7-31T3:36Z,8.42
2020-8-7T20:51Z,4,Hackensack;NJ,32.75,1.49,DoorDashHackensack;NJ32.752020-8-7T20:51Z2020-8-7T23:32Z4,2020-8-7T23:32Z,12.20
2020-4-30T15:41Z,2,St. Louis;MO,14.75,3.64,DoorDashSt. Louis;MO14.752020-4-30T15:41Z2020-4-30T16:14Z2,2020-4-30T16:14Z,26.82
2020-8-25T12:47Z,1,St. Louis;MO,7.50,1.36,DoorDashSt. Louis;MO7.502020-8-25T12:47Z2020-8-25T13:31Z1,2020-8-25T13:31Z,10.23
2020-4-30T16:55Z,1,St. Louis;MO,6.00,2.50,DoorDashSt. Louis;MO6.002020-4-30T16:55Z2020-4-30T17:19Z1,2020-4-30T17:19Z,15.00
2020-9-22T15:04Z,1,St. Louis;MO,5.00,1.13,DoorDashSt. Louis;MO5.002020-9-22T15:04Z2020-9-22T15:57Z1,2020-9-22T15:57Z,5.66
2020-4-16T20:35Z,4,St. Louis;MO,23.50,2.67,DoorDashSt. Louis;MO23.502020-4-16T20:35Z2020-4-16T22:05Z4,2020-4-16T22:05Z,15.67
2020-4-9T21:53Z,2,St. Louis;MO,10.00,1.60,DoorDashSt. Louis;MO10.002020-4-9T21:53Z2020-4-9T23:08Z2,2020-4-9T23:08Z,8.00
2020-7-30T14:14Z,7,St. Louis;MO,58.50,1.82,DoorDashSt. Louis;MO58.502020-7-30T14:14Z2020-7-30T18:05Z7,2020-7-30T18:05Z,15.19
2020-4-30T14:27Z,1,St. Louis;MO,4.50,2.40,DoorDashSt. Louis;MO4.502020-4-30T14:27Z2020-4-30T14:52Z1,2020-4-30T14:52Z,10.80
2020-4-9T11:22Z,6,St. Louis;MO,44.25,2.55,DoorDashSt. Louis;MO44.252020-4-9T11:22Z2020-4-9T13:43Z6,2020-4-9T13:43Z,18.83
2020-6-23T17:01Z,1,St. Louis;MO,9.00,0.61,DoorDashSt. Louis;MO9.002020-6-23T17:01Z2020-6-23T18:40Z1,2020-6-23T18:40Z,5.45
2020-5-7T12:22Z,1,St. Louis;MO,13.25,0.81,DoorDashSt. Louis;MO13.252020-5-7T12:22Z2020-5-7T13:36Z1,2020-5-7T13:36Z,10.74
2020-6-18T18:18Z,3,St. Louis;MO,19.75,1.76,DoorDashSt. Louis;MO19.752020-6-18T18:18Z2020-6-18T20:00Z3,2020-6-18T20:00Z,11.62
2020-3-28T16:46Z,10,St. Louis;MO,117.60,3.47,DoorDashSt. Louis;MO117.602020-3-28T16:46Z2020-3-28T19:39Z10,2020-3-28T19:39Z,40.79
2020-7-28T12:17Z,4,St. Louis;MO,26.25,1.73,DoorDashSt. Louis;MO26.252020-7-28T12:17Z2020-7-28T14:36Z4,2020-7-28T14:36Z,11.33
2020-8-27T17:02Z,4,St. Louis;MO,34.25,1.70,DoorDashSt. Louis;MO34.252020-8-27T17:02Z2020-8-27T19:23Z4,2020-8-27T19:23Z,14.57
2020-9-22T13:13Z,1,St. Louis;MO,9.00,2.07,DoorDashSt. Louis;MO9.002020-9-22T13:13Z2020-9-22T13:42Z1,2020-9-22T13:42Z,18.62
2020-7-22T20:34Z,1,St. Louis;MO,8.25,1.82,DoorDashSt. Louis;MO8.252020-7-22T20:34Z2020-7-22T21:07Z1,2020-7-22T21:07Z,15.00
2020-8-17T16:59Z,5,St. Louis;MO,46.00,1.99,DoorDashSt. Louis;MO46.002020-8-17T16:59Z2020-8-17T19:30Z5,2020-8-17T19:30Z,18.28
2020-5-28T12:12Z,2,St. Louis;MO,18.00,2.11,DoorDashSt. Louis;MO18.002020-5-28T12:12Z2020-5-28T13:09Z2,2020-5-28T13:09Z,18.95
2020-4-14T21:20Z,6,St. Louis;MO,42.20,3.00,DoorDashSt. Louis;MO42.202020-4-14T21:20Z2020-4-14T23:54Z6,2020-4-14T23:54Z,21.10
2020-7-22T23:24Z,1,St. Louis;MO,6.75,2.14,DoorDashSt. Louis;MO6.752020-7-22T23:24Z2020-7-22T23:52Z1,2020-7-22T23:52Z,14.46
2020-4-14T19:15Z,4,St. Louis;MO,30.25,2.29,DoorDashSt. Louis;MO30.252020-4-14T19:15Z2020-4-14T21:00Z4,2020-4-14T21:00Z,17.29
2020-9-26T22:11Z,2,St. Louis;MO,17.25,1.52,DoorDashSt. Louis;MO17.252020-9-26T22:11Z2020-9-26T23:30Z2,2020-9-26T23:30Z,13.10
2020-9-1T17:35Z,1,St. Louis;MO,10.50,2.22,DoorDashSt. Louis;MO10.502020-9-1T17:35Z2020-9-1T18:02Z1,2020-9-1T18:02Z,23.33
2020-5-23T22:34Z,1,St. Louis;MO,6.00,1.09,DoorDashSt. Louis;MO6.002020-5-23T22:34Z2020-5-23T23:29Z1,2020-5-23T23:29Z,6.55
2020-7-21T11:41Z,4,St. Louis;MO,28.75,1.70,DoorDashSt. Louis;MO28.752020-7-21T11:41Z2020-7-21T14:02Z4,2020-7-21T14:02Z,12.23
2020-4-30T19:33Z,1,St. Louis;MO,13.75,2.07,DoorDashSt. Louis;MO13.752020-4-30T19:33Z2020-4-30T20:02Z1,2020-4-30T20:02Z,28.45
2020-7-10T20:51Z,3,St. Louis;MO,17.75,1.91,DoorDashSt. Louis;MO17.752020-7-10T20:51Z2020-7-10T22:25Z3,2020-7-10T22:25Z,11.33
2020-8-21T21:00Z,1,St. Louis;MO,7.25,2.14,DoorDashSt. Louis;MO7.252020-8-21T21:00Z2020-8-21T21:28Z1,2020-8-21T21:28Z,15.54
2020-7-11T18:58Z,7,St. Louis;MO,60.75,2.36,DoorDashSt. Louis;MO60.752020-7-11T18:58Z2020-7-11T21:56Z7,2020-7-11T21:56Z,20.48
2020-7-22T21:33Z,2,St. Louis;MO,10.00,3.43,DoorDashSt. Louis;MO10.002020-7-22T21:33Z2020-7-22T22:08Z2,2020-7-22T22:08Z,17.14
2020-9-26T21:08Z,1,St. Louis;MO,5.50,1.00,DoorDashSt. Louis;MO5.502020-9-26T21:08Z2020-9-26T22:08Z1,2020-9-26T22:08Z,5.50
2020-3-27T14:38Z,2,St. Louis;MO,14.25,1.90,DoorDashSt. Louis;MO14.252020-3-27T14:38Z2020-3-27T15:41Z2,2020-3-27T15:41Z,13.57
2020-6-21T20:04Z,6,St. Louis;MO,48.00,3.05,DoorDashSt. Louis;MO48.002020-6-21T20:04Z2020-6-21T22:02Z6,2020-6-21T22:02Z,24.41
2020-6-21T19:08Z,2,St. Louis;MO,26.00,2.18,DoorDashSt. Louis;MO26.002020-6-21T19:08Z2020-6-21T20:03Z2,2020-6-21T20:03Z,28.36
2020-6-18T16:14Z,3,St. Louis;MO,28.75,1.45,DoorDashSt. Louis;MO28.752020-6-18T16:14Z2020-6-18T18:18Z3,2020-6-18T18:18Z,13.91
2020-6-23T18:40Z,1,St. Louis;MO,9.50,2.14,DoorDashSt. Louis;MO9.502020-6-23T18:40Z2020-6-23T19:08Z1,2020-6-23T19:08Z,20.36
2020-4-2T22:48Z,1,St. Louis;MO,9.75,1.62,DoorDashSt. Louis;MO9.752020-4-2T22:48Z2020-4-2T23:25Z1,2020-4-2T23:25Z,15.81
2020-8-1T21:11Z,2,St. Louis;MO,21.00,1.48,DoorDashSt. Louis;MO21.002020-8-1T21:11Z2020-8-1T22:32Z2,2020-8-1T22:32Z,15.56
2020-5-7T10:33Z,1,St. Louis;MO,9.00,1.20,DoorDashSt. Louis;MO9.002020-5-7T10:33Z2020-5-7T11:23Z1,2020-5-7T11:23Z,10.80
2020-4-24T22:04Z,3,St. Louis;MO,22.00,1.80,DoorDashSt. Louis;MO22.002020-4-24T22:04Z2020-4-24T23:44Z3,2020-4-24T23:44Z,13.20
2020-8-12T10:33Z,1,St. Louis;MO,5.50,1.36,DoorDashSt. Louis;MO5.502020-8-12T10:33Z2020-8-12T11:17Z1,2020-8-12T11:17Z,7.50
2020-8-12T9:54Z,1,St. Louis;MO,10.25,1.54,DoorDashSt. Louis;MO10.252020-8-12T9:54Z2020-8-12T10:33Z1,2020-8-12T10:33Z,15.77
2020-7-7T18:13Z,1,St. Louis;MO,11.00,3.53,DoorDashSt. Louis;MO11.002020-7-7T18:13Z2020-7-7T18:30Z1,2020-7-7T18:30Z,38.82
2020-5-28T13:18Z,2,St. Louis;MO,10.00,1.60,DoorDashSt. Louis;MO10.002020-5-28T13:18Z2020-5-28T14:33Z2,2020-5-28T14:33Z,8.00
2020-7-10T18:40Z,4,St. Louis;MO,34.00,1.83,DoorDashSt. Louis;MO34.002020-7-10T18:40Z2020-7-10T20:51Z4,2020-7-10T20:51Z,15.57
2020-6-21T11:33Z,3,St. Louis;MO,19.25,2.69,DoorDashSt. Louis;MO19.252020-6-21T11:33Z2020-6-21T12:40Z3,2020-6-21T12:40Z,17.24
2020-3-31T17:05Z,1,St. Louis;MO,15.50,1.50,DoorDashSt. Louis;MO15.502020-3-31T17:05Z2020-3-31T17:45Z1,2020-3-31T17:45Z,23.25
2020-7-7T20:31Z,2,St. Louis;MO,12.00,2.73,DoorDashSt. Louis;MO12.002020-7-7T20:31Z2020-7-7T21:15Z2,2020-7-7T21:15Z,16.36
2020-7-3T20:07Z,6,St. Louis;MO,46.35,3.00,DoorDashSt. Louis;MO46.352020-7-3T20:07Z2020-7-3T22:52Z6,2020-7-3T22:52Z,23.18
2020-6-21T17:43Z,3,St. Louis;MO,19.00,2.50,DoorDashSt. Louis;MO19.002020-6-21T17:43Z2020-6-21T18:55Z3,2020-6-21T18:55Z,15.83
2020-4-3T12:49Z,1,St. Louis;MO,13.00,1.62,DoorDashSt. Louis;MO13.002020-4-3T12:49Z2020-4-3T13:26Z1,2020-4-3T13:26Z,21.08
2020-7-16T21:49Z,4,St. Louis;MO,31.50,1.75,DoorDashSt. Louis;MO31.502020-7-16T21:49Z2020-7-16T12:06Z4,2020-7-16T12:06Z,13.80
2020-9-1T18:51Z,1,St. Louis;MO,6.50,0.97,DoorDashSt. Louis;MO6.502020-9-1T18:51Z2020-9-1T19:53Z1,2020-9-1T19:53Z,6.29
2020-4-24T20:38Z,4,St. Louis;MO,36.25,2.82,DoorDashSt. Louis;MO36.252020-4-24T20:38Z2020-4-24T22:03Z4,2020-4-24T22:03Z,25.59
2020-9-26T19:52Z,2,St. Louis;MO,19.77,1.67,DoorDashSt. Louis;MO19.772020-9-26T19:52Z2020-9-26T21:04Z2,2020-9-26T21:04Z,16.48
2020-4-14T13:21Z,2,St. Louis;MO,15.00,2.14,DoorDashSt. Louis;MO15.002020-4-14T13:21Z2020-4-14T14:17Z2,2020-4-14T14:17Z,16.07
2020-9-10T11:37Z,5,St. Louis;MO,38.25,2.42,DoorDashSt. Louis;MO38.252020-9-10T11:37Z2020-9-10T13:41Z5,2020-9-10T13:41Z,18.51
2020-7-7T19:29Z,1,St. Louis;MO,6.64,1.94,DoorDashSt. Louis;MO6.642020-7-7T19:29Z2020-7-7T20:00Z1,2020-7-7T20:00Z,12.85
2020-9-15T13:41Z,1,St. Louis;MO,3.00,3.33,DoorDashSt. Louis;MO3.002020-9-15T13:41Z2020-9-15T13:59Z1,2020-9-15T13:59Z,10.00
2020-7-7T17:01Z,1,St. Louis;MO,4.50,2.40,DoorDashSt. Louis;MO4.502020-7-7T17:01Z2020-7-7T17:26Z1,2020-7-7T17:26Z,10.80
2020-4-16T18:14Z,5,St. Louis;MO,40.75,2.13,DoorDashSt. Louis;MO40.752020-4-16T18:14Z2020-4-16T20:35Z5,2020-4-16T20:35Z,17.34
2020-8-7T19:46Z,5,St. Louis;MO,31.25,2.19,DoorDashSt. Louis;MO31.252020-8-7T19:46Z2020-8-7T22:03Z5,2020-8-7T22:03Z,13.69
2020-4-3T14:03Z,1,St. Louis;MO,7.75,2.14,DoorDashSt. Louis;MO7.752020-4-3T14:03Z2020-4-3T14:31Z1,2020-4-3T14:31Z,16.61
2020-3-30T21:39Z,2,St. Louis;MO,7.00,2.18,DoorDashSt. Louis;MO7.002020-3-30T21:39Z2020-3-30T22:34Z2,2020-3-30T22:34Z,7.64
2020-3-27T14:12Z,1,St. Louis;MO,5.50,2.40,DoorDashSt. Louis;MO5.502020-3-27T14:12Z2020-3-27T14:37Z1,2020-3-27T14:37Z,13.20
2020-5-23T21:35Z,2,St. Louis;MO,8.50,2.07,DoorDashSt. Louis;MO8.502020-5-23T21:35Z2020-5-23T22:33Z2,2020-5-23T22:33Z,8.79
2020-7-6T19:58Z,2,St. Louis;MO,16.00,1.97,DoorDashSt. Louis;MO16.002020-7-6T19:58Z2020-7-6T20:59Z2,2020-7-6T20:59Z,15.74
2020-8-15T13:37Z,1,St. Louis;MO,4.00,2.22,DoorDashSt. Louis;MO4.002020-8-15T13:37Z2020-8-15T14:04Z1,2020-8-15T14:04Z,8.89
2020-3-31T14:59Z,1,St. Louis;MO,8.00,2.22,DoorDashSt. Louis;MO8.002020-3-31T14:59Z2020-3-31T15:26Z1,2020-3-31T15:26Z,17.78
2020-7-31T20:18Z,5,St. Louis;MO,34.75,1.46,DoorDashSt. Louis;MO34.752020-7-31T20:18Z2020-7-31T23:43Z5,2020-7-31T23:43Z,10.17
2020-8-1T20:04Z,2,St. Louis;MO,14.75,2.35,DoorDashSt. Louis;MO14.752020-8-1T20:04Z2020-8-1T20:55Z2,2020-8-1T20:55Z,17.35
2020-7-5T19:08Z,1,St. Louis;MO,8.00,4.62,DoorDashSt. Louis;MO8.002020-7-5T19:08Z2020-7-5T19:21Z1,2020-7-5T19:21Z,36.92
2020-7-15T18:53Z,1,St. Louis;MO,15.00,1.11,DoorDashSt. Louis;MO15.002020-7-15T18:53Z2020-7-15T19:47Z1,2020-7-15T19:47Z,16.67
2020-7-2T9:11Z,1,St. Louis;MO,9.75,1.88,DoorDashSt. Louis;MO9.752020-7-2T9:11Z2020-7-2T9:43Z1,2020-7-2T9:43Z,18.28
2020-3-31T22:40Z,1,St. Louis;MO,7.75,0.67,DoorDashSt. Louis;MO7.752020-3-31T22:40Z2020-3-31T12:10Z1,2020-3-31T12:10Z,5.17
2020-7-2T6:22Z,5,St. Louis;MO,33.25,2.63,DoorDashSt. Louis;MO33.252020-7-2T6:22Z2020-7-2T8:16Z5,2020-7-2T8:16Z,17.50
2020-7-6T22:17Z,1,St. Louis;MO,8.00,1.36,DoorDashSt. Louis;MO8.002020-7-6T22:17Z2020-7-6T23:01Z1,2020-7-6T23:01Z,10.91
2020-6-13T17:50Z,3,Ellicott City;MD,24.00,1.54,DoorDashEllicott City;MD24.002020-6-13T17:50Z2020-6-13T19:47Z3,2020-6-13T19:47Z,12.31
2020-8-9T17:31Z,4,Ellicott City;MD,55.50,1.85,DoorDashEllicott City;MD55.502020-8-9T17:31Z2020-8-9T19:41Z4,2020-8-9T19:41Z,25.62
2020-8-7T19:22Z,2,Ellicott City;MD,19.75,1.74,DoorDashEllicott City;MD19.752020-8-7T19:22Z2020-8-7T20:31Z2,2020-8-7T20:31Z,17.17
2020-7-21T8:11Z,4,Ellicott City;MD,32.00,1.92,DoorDashEllicott City;MD32.002020-7-21T8:11Z2020-7-21T10:16Z4,2020-7-21T10:16Z,15.36
2020-6-10T20:17Z,1,Ellicott City;MD,7.50,1.28,DoorDashEllicott City;MD7.502020-6-10T20:17Z2020-6-10T21:04Z1,2020-6-10T21:04Z,9.57
2020-8-11T16:42Z,7,Ellicott City;MD,48.94,2.35,DoorDashEllicott City;MD48.942020-8-11T16:42Z2020-8-11T19:41Z7,2020-8-11T19:41Z,16.40
2020-6-10T17:26Z,2,Ellicott City;MD,13.25,1.71,DoorDashEllicott City;MD13.252020-6-10T17:26Z2020-6-10T18:36Z2,2020-6-10T18:36Z,11.36
2020-6-11T17:40Z,3,Ellicott City;MD,24.75,2.00,DoorDashEllicott City;MD24.752020-6-11T17:40Z2020-6-11T19:10Z3,2020-6-11T19:10Z,16.50
2020-8-11T19:44Z,1,Ellicott City;MD,6.00,2.14,DoorDashEllicott City;MD6.002020-8-11T19:44Z2020-8-11T20:12Z1,2020-8-11T20:12Z,12.86
2020-6-12T19:04Z,2,Ellicott City;MD,34.00,1.36,DoorDashEllicott City;MD34.002020-6-12T19:04Z2020-6-12T20:32Z2,2020-6-12T20:32Z,23.18
2020-6-12T12:39Z,2,Ellicott City;MD,15.25,1.76,DoorDashEllicott City;MD15.252020-6-12T12:39Z2020-6-12T13:47Z2,2020-6-12T13:47Z,13.46
2020-6-13T20:14Z,2,Ellicott City;MD,13.75,1.52,DoorDashEllicott City;MD13.752020-6-13T20:14Z2020-6-13T21:33Z2,2020-6-13T21:33Z,10.44
2020-7-8T16:20Z,3,Ellicott City;MD,20.25,2.34,DoorDashEllicott City;MD20.252020-7-8T16:20Z2020-7-8T17:37Z3,2020-7-8T17:37Z,15.78
2020-7-7T20:27Z,3,Ellicott City;MD,23.25,1.80,DoorDashEllicott City;MD23.252020-7-7T20:27Z2020-7-7T22:07Z3,2020-7-7T22:07Z,13.95
2020-6-28T19:02Z,5,Ellicott City;MD,46.92,2.50,DoorDashEllicott City;MD46.922020-6-28T19:02Z2020-6-28T21:02Z5,2020-6-28T21:02Z,23.46
2020-8-10T14:38Z,3,Ellicott City;MD,21.00,1.40,DoorDashEllicott City;MD21.002020-8-10T14:38Z2020-8-10T16:47Z3,2020-8-10T16:47Z,9.77
2020-6-12T17:25Z,2,Ellicott City;MD,37.50,1.45,DoorDashEllicott City;MD37.502020-6-12T17:25Z2020-6-12T18:48Z2,2020-6-12T18:48Z,27.11
2020-4-15T17:53Z,4,Baltimore;MD,36.25,1.20,DoorDashBaltimore;MD36.252020-4-15T17:53Z2020-4-15T21:13Z4,2020-4-15T21:13Z,10.88
2020-6-23T11:33Z,4,Baltimore;MD,47.09,1.89,DoorDashBaltimore;MD47.092020-6-23T11:33Z2020-6-23T13:40Z4,2020-6-23T13:40Z,22.25
2020-8-17T11:56Z,2,Baltimore;MD,14.50,1.24,DoorDashBaltimore;MD14.502020-8-17T11:56Z2020-8-17T13:33Z2,2020-8-17T13:33Z,8.97
2020-8-12T12:12Z,3,Baltimore;MD,33.00,1.70,DoorDashBaltimore;MD33.002020-8-12T12:12Z2020-8-12T13:58Z3,2020-8-12T13:58Z,18.68
2020-8-24T19:15Z,4,Catonsville;MD,27.75,1.89,DoorDashCatonsville;MD27.752020-8-24T19:15Z2020-8-24T21:23Z4,2020-8-24T21:23Z,13.11
2020-8-24T13:50Z,2,Catonsville;MD,9.75,2.22,DoorDashCatonsville;MD9.752020-8-24T13:50Z2020-8-24T14:44Z2,2020-8-24T14:44Z,10.83
2020-8-24T14:55Z,1,Catonsville;MD,6.50,1.54,DoorDashCatonsville;MD6.502020-8-24T14:55Z2020-8-24T15:35Z1,2020-8-24T15:35Z,10.00
2020-6-3T17:05Z,4,North Bethesda;MD,27.75,2.03,DoorDashNorth Bethesda;MD27.752020-6-3T17:05Z2020-6-3T19:03Z4,2020-6-3T19:03Z,14.11
2020-5-25T17:03Z,4,North Bethesda;MD,34.75,1.45,DoorDashNorth Bethesda;MD34.752020-5-25T17:03Z2020-5-25T19:49Z4,2020-5-25T19:49Z,12.56
2020-5-21T18:01Z,2,North Bethesda;MD,16.00,1.00,DoorDashNorth Bethesda;MD16.002020-5-21T18:01Z2020-5-21T20:01Z2,2020-5-21T20:01Z,8.00
2020-5-26T17:08Z,2,North Bethesda;MD,19.50,0.77,DoorDashNorth Bethesda;MD19.502020-5-26T17:08Z2020-5-26T19:43Z2,2020-5-26T19:43Z,7.55
2020-6-1T17:32Z,4,North Bethesda;MD,30.75,2.29,DoorDashNorth Bethesda;MD30.752020-6-1T17:32Z2020-6-1T19:17Z4,2020-6-1T19:17Z,17.57
2020-5-31T17:18Z,2,North Bethesda;MD,12.50,1.71,DoorDashNorth Bethesda;MD12.502020-5-31T17:18Z2020-5-31T18:28Z2,2020-5-31T18:28Z,10.71
2020-6-12T11:41Z,5,North Bethesda;MD,31.65,2.61,DoorDashNorth Bethesda;MD31.652020-6-12T11:41Z2020-6-12T13:36Z5,2020-6-12T13:36Z,16.51
2020-6-2T17:01Z,3,North Bethesda;MD,36.50,1.55,DoorDashNorth Bethesda;MD36.502020-6-2T17:01Z2020-6-2T18:57Z3,2020-6-2T18:57Z,18.88
2020-5-24T17:00Z,4,North Bethesda;MD,41.80,1.49,DoorDashNorth Bethesda;MD41.802020-5-24T17:00Z2020-5-24T19:41Z4,2020-5-24T19:41Z,15.58
2020-6-10T11:36Z,4,North Bethesda;MD,41.25,1.89,DoorDashNorth Bethesda;MD41.252020-6-10T11:36Z2020-6-10T13:43Z4,2020-6-10T13:43Z,19.49
2020-5-27T17:25Z,3,North Bethesda;MD,36.75,1.12,DoorDashNorth Bethesda;MD36.752020-5-27T17:25Z2020-5-27T20:06Z3,2020-5-27T20:06Z,13.70
2020-6-9T17:04Z,5,North Bethesda;MD,55.20,1.92,DoorDashNorth Bethesda;MD55.202020-6-9T17:04Z2020-6-9T19:40Z5,2020-6-9T19:40Z,21.23
2020-5-14T17:22Z,3,North Bethesda;MD,33.75,1.17,DoorDashNorth Bethesda;MD33.752020-5-14T17:22Z2020-5-14T19:56Z3,2020-5-14T19:56Z,13.15
2020-5-19T16:45Z,3,North Bethesda;MD,30.25,1.08,DoorDashNorth Bethesda;MD30.252020-5-19T16:45Z2020-5-19T19:31Z3,2020-5-19T19:31Z,10.93
2020-6-11T17:05Z,3,North Bethesda;MD,19.25,1.65,DoorDashNorth Bethesda;MD19.252020-6-11T17:05Z2020-6-11T18:54Z3,2020-6-11T18:54Z,10.60
2020-7-28T18:20Z,2,North Bethesda;MD,25.00,1.08,DoorDashNorth Bethesda;MD25.002020-7-28T18:20Z2020-7-28T20:11Z2,2020-7-28T20:11Z,13.51
2020-5-13T16:29Z,4,North Bethesda;MD,40.50,1.32,DoorDashNorth Bethesda;MD40.502020-5-13T16:29Z2020-5-13T19:31Z4,2020-5-13T19:31Z,13.35
2020-5-28T12:26Z,1,North Bethesda;MD,9.00,2.31,DoorDashNorth Bethesda;MD9.002020-5-28T12:26Z2020-5-28T12:52Z1,2020-5-28T12:52Z,20.77
2020-8-2T18:25Z,1,North Bethesda;MD,6.50,1.13,DoorDashNorth Bethesda;MD6.502020-8-2T18:25Z2020-8-2T19:18Z1,2020-8-2T19:18Z,7.36
2020-5-28T12:59Z,1,North Bethesda;MD,10.00,1.30,DoorDashNorth Bethesda;MD10.002020-5-28T12:59Z2020-5-28T13:45Z1,2020-5-28T13:45Z,13.04
2020-5-10T18:31Z,2,Los Angeles;CA,32.50,1.01,DoorDashLos Angeles;CA32.502020-5-10T18:31Z2020-5-10T20:30Z2,2020-5-10T20:30Z,16.39
2020-6-12T14:59Z,3,Los Angeles;CA,29.50,1.89,DoorDashLos Angeles;CA29.502020-6-12T14:59Z2020-6-12T16:34Z3,2020-6-12T16:34Z,18.63
2020-6-20T20:32Z,2,Los Angeles;CA,19.00,0.83,DoorDashLos Angeles;CA19.002020-6-20T20:32Z2020-6-20T22:56Z2,2020-6-20T22:56Z,7.92
2020-5-8T16:59Z,4,Los Angeles;CA,59.78,1.63,DoorDashLos Angeles;CA59.782020-5-8T16:59Z2020-5-8T19:26Z4,2020-5-8T19:26Z,24.40
2020-6-20T22:56Z,1,Los Angeles;CA,7.50,6.00,DoorDashLos Angeles;CA7.502020-6-20T22:56Z2020-6-20T23:06Z1,2020-6-20T23:06Z,45.00
2020-5-18T17:47Z,6,Los Angeles;CA,44.00,2.16,DoorDashLos Angeles;CA44.002020-5-18T17:47Z2020-5-18T20:34Z6,2020-5-18T20:34Z,15.81
2020-6-12T22:16Z,3,Los Angeles;CA,26.50,2.28,DoorDashLos Angeles;CA26.502020-6-12T22:16Z2020-6-12T23:35Z3,2020-6-12T23:35Z,20.13
2020-7-7T11:27Z,2,Los Angeles;CA,13.00,1.71,DoorDashLos Angeles;CA13.002020-7-7T11:27Z2020-7-7T12:37Z2,2020-7-7T12:37Z,11.14
2020-5-4T17:19Z,3,Los Angeles;CA,22.75,1.73,DoorDashLos Angeles;CA22.752020-5-4T17:19Z2020-5-4T19:03Z3,2020-5-4T19:03Z,13.13
2020-5-8T19:27Z,2,Los Angeles;CA,21.75,1.94,DoorDashLos Angeles;CA21.752020-5-8T19:27Z2020-5-8T20:29Z2,2020-5-8T20:29Z,21.05
2020-7-7T13:56Z,1,Los Angeles;CA,7.50,4.62,DoorDashLos Angeles;CA7.502020-7-7T13:56Z2020-7-7T14:09Z1,2020-7-7T14:09Z,34.62
2020-7-22T12:08Z,1,Los Angeles;CA,10.25,0.65,DoorDashLos Angeles;CA10.252020-7-22T12:08Z2020-7-22T13:40Z1,2020-7-22T13:40Z,6.68
2020-5-4T19:03Z,2,Los Angeles;CA,11.00,2.11,DoorDashLos Angeles;CA11.002020-5-4T19:03Z2020-5-4T20:00Z2,2020-5-4T20:00Z,11.58
2020-6-27T14:44Z,2,Los Angeles;CA,12.00,1.69,DoorDashLos Angeles;CA12.002020-6-27T14:44Z2020-6-27T15:55Z2,2020-6-27T15:55Z,10.14
2020-6-27T16:18Z,5,Los Angeles;CA,35.54,2.94,DoorDashLos Angeles;CA35.542020-6-27T16:18Z2020-6-27T18:00Z5,2020-6-27T18:00Z,20.91
2020-5-4T16:13Z,2,Los Angeles;CA,10.75,1.85,DoorDashLos Angeles;CA10.752020-5-4T16:13Z2020-5-4T17:18Z2,2020-5-4T17:18Z,9.92
2020-7-7T13:07Z,1,Los Angeles;CA,5.25,1.94,DoorDashLos Angeles;CA5.252020-7-7T13:07Z2020-7-7T13:38Z1,2020-7-7T13:38Z,10.16
2020-7-22T13:44Z,1,Los Angeles;CA,5.75,2.61,DoorDashLos Angeles;CA5.752020-7-22T13:44Z2020-7-22T14:07Z1,2020-7-22T14:07Z,15.00